Ligand,Docking_Score
"1,1-dichloro-5-(3-hydroxy-5-methoxyphenyl)pentane-2,4-diol_out",-8.1
"1,2-Humulene_epoxide_out",-9.2
"1,5-Epoxy-3-hydroxy-1-4-hydroxy-3,5-dimethoxyphenyl-7-4-hydroxy-3-methoxyphenyl-heptane_out",-8.9
"1,8-bis(acetyloxy)-2,4-dimethyloctan-3-yl 2-(acetyloxy)propanoate_out",-8.5
"1-(4-hydroxy-3-methoxyphenyl)octane-3,5-diol_out",-8.0
1-Methoxyphaseollidin_out,-9.1
"1-[4-(butan-2-yl)phenyl]propane-1,2-diol_out",-8.0
"11-Cycloneren-3,7,10-Triol_out",-8.3
122411792_out,-9.2
13341191_out,-8.4
14410593_out,-9.1
"15-pentamethylbicyclo12.1.0pentadeca-2,6,10-triene_out",-9.1
17-beta-Estradiol_glucuronide_out,-11.6
18223681_out,-8.7
"2,10-Di-gamma,gamma-dimethylallyl-glycinol_out",-9.9
"2,5-Dihydroxybisabola-3,10-diene_out",-8.0
"2,6,10,14-tetramethylhexadeca-6,10,15-triene-2,3,9,14-tetrol_out",-8.7
2-(3-hydroxy-3-methyl-butyl)-4-methyl-phenol_out,-8.5
"2-(tert-butylamino)-1-(2,5-dimethoxyphenyl)propan-1-ol_out",-8.1
2-({[3-(ethoxycarbonyl)oxiran-2-yl](hydroxy)methylidene}amino)-4-methyl-N-(3-methylbutyl)pentanimidic acid_out,-8.5
"2-{2-[3,4-bis(2-hydroxyethoxy)oxolan-2-yl]-2-(2-hydroxyethoxy)ethoxy}ethyl dodecanoate_out",-9.0
2-{[(tert-butoxy)carbonyl]amino}-4-{[(prop-2-en-1-yloxy)carbonyl]amino}butanoic acid_out,-8.1
2-{[(tert-butoxy)carbonyl]amino}-6-{[(prop-2-en-1-yloxy)carbonyl]amino}hexanoic acid_out,-8.7
23724571_out,-9.7
23724604_out,-9.1
24-Ethyl-trans-22-dehydrocholesterol_out,-10.1
24-Methyl-lanost-9_11-en-3-beta-ol_out,-10.6
24-Methylene-24-dihydrolanosterol_out,-9.3
24-Methylene-24-dihydroparkeol_out,-10.0
24-Methylene-31-nor-5alpha-lanost-9_11-3beta-ol_out,-9.6
24epsilon-Ethyl-31-norlanosta-8_25_27-dien-3beta-ol_out,-9.6
"24R-4alpha,14alpha,24-trimethyl-5alpha-cholesta-8,25_27-dien-3beta-ol_out",-9.1
"24R-Cholest-5-ene-3-beta,7-alpha,24-triol_out",-10.5
24S-24-Methyl-25-dehydrocholesterol_out,-10.8
25-Dehydrositostanol_out,-9.4
28-Norbrassinolide_out,-10.5
"2alpha,3alpha-Dihydroxyolean-12-en-28-oic_acid_out",-10.5
2C-P_out,-8.4
"3,5-diethyl-5-(2-ethyl-3,4-dihydroxyhexyl)-2,5-dihydrofuran-2-one_out",-9.2
3-(1-hydroxy-6-methylheptyl)-4-methoxyoxolan-2-one_out,-8.5
3-(1-hydroxy-7-methyloctyl)-4-(hydroxymethyl)oxolan-2-one_out,-8.3
3-Alpha-Hydroxyolean-12-En-28-Oate_out,-9.8
3-Hptmf_out,-8.1
3-hydroxy-2-{3-[(3-hydroxy-6-methylheptanoyl)oxy]-8-methylnonanamido}propanoic acid_out,-10.2
3-Methoxysinensetin_out,-8.1
3-O-Acetylepisamarcandin_out,-10.5
3-p-Coumaroylquinic_acid_out,-8.9
31-nor-Lanost-8-en-3beta-ol_out,-10.6
31-nor-Lanost-9_11-en-3beta-ol_out,-9.3
31-nor-Lanosterol_out,-10.6
31-Nordehydrolanosterol_out,-10.1
31-Norlanostenol_out,-9.6
3989307_out,-8.2
3beta-Hydroxy-4beta-methyl-5alpha-cholest-7-ene-4alpha-carboxylate_out,-10.3
"4,14-Dimethylergosta-8,25-dien-3-ol_out",-10.5
"4,6-dimethyl-7-oxononan-3-yl acetate_out",-8.0
"4-gamma,gamma-Dimethylallyl-phaseollidin_out",-9.1
4-heptenoic acid_out,-8.8
4-Methyltritriacontane_out,-10.4
440670_out,-10.4
"4alpha,14alpha,24-Trimethyl-cholesta-8_24-dien-3beta-ol_out",-10.0
4alpha-Methylzymostenol_out,-9.6
4S-4-amino-5-1S-1-carboxy-2-1H-indol-3-ylethylamino-5-oxopentanoic_acid_out,-8.4
"5,7-Dihydroxy-4-methoxy-8,3-di-C-prenylflavanone_out",-9.6
"5,7-Dimethoxyisoflavone_out",-8.6
5-5-Dehydrodiferulic_acid_out,-8.0
5-8-Dehydrodiferulic_acid_out,-8.4
5-Demethoxynobiletin_out,-8.7
"5-Hydroxy-3,3,4,6,7,8-hexamethoxyflavone_out",-8.6
"5-Hydroxy-3,3_,4_,6,7,8-hexamethoxyflavone_out",-8.6
53477807_out,-9.5
53477907_out,-9.9
"5alpha-Stigmasta-7,22,25-trien-3beta-ol_out",-10.4
5beta-Cholestanone_out,-10.3
"6,8-dihydroxy-4,8-dimethyl-14-oxo-11-(propan-2-yl)pentadeca-4,9-dienoic acid_out",-8.4
"6-(benzyloxy)-5,5-dimethylhexane-1,2,4-triol_out",-8.0
7-Carboxy-alpha-chromanol_out,-8.2
7-Hydroxymatairesinol_out,-8.9
7-Oxomatairesinol_out,-9.0
73197_out,-8.5
"7alpha,24-Dihydroxy-4-cholesten-3-one_out",-9.9
8-Desoxygartanin_out,-9.0
8-Prenylnaringenin_out,-9.4
"A-2,4,5,7-Tetrahydroxy-3,8-diprenylisoflavanone_out",-8.5
abietadiene-diol_out,-10.6
Ac1L35Ak_out,-8.3
Afzelechin_out,-9.0
Albafuran_B_out,-8.8
Aloenin_out,-9.0
alpha-Dihydroergosterol_out,-10.0
alpha-Sitosterol_out,-9.8
alpha-Taraxasterol_out,-9.6
Amino-3_out,-8.5
Ampicillin_out,-8.9
Arctigenin_out,-8.9
Artemetin_out,-8.0
Artemitin_out,-8.0
Artonin_T_out,-9.5
Aspartyltryptophan_out,-8.4
Austalide_I_out,-10.1
B-Diploalbicene_out,-8.1
beta-Himachalene_out,-8.2
Biochanin_A_out,-9.0
Bourbonene_out,-8.1
Calenduladiol_out,-9.7
Calotropenyl_acetate_out,-10.4
CNP0446060 no name_out,-8.5
CNP0461106 no name_out,-8.6
CNP0461631 no name_out,-8.0
CNP0464171 no name_out,-8.6
CNP0470870 no name_out,-8.0
Conidendrin_out,-9.7
d-Viniferin_out,-9.4
Dehydroabietane_out,-10.3
Diethylstilbesterol_out,-8.3
Dihydroresveratrol_out,-8.5
Dimethylmatairesinol_out,-8.9
Doristerol_out,-10.1
Epifriedelinol_out,-9.0
Estrogen_out,-9.1
Euphol_out,-10.5
Flavan-3-ol_out,-8.6
H-Trp-Glu-OH_out,-8.3
harzol_out,-8.8
Homoferreirin_out,-8.6
Humulene_epoxide_out,-9.1
humulene_out,-8.8
Irigenin_out,-8.5
Isohydroxymatairesinol_out,-8.7
Isolariciresinol_out,-8.3
Isomultiflorenol_out,-9.7
Isorhapontigenin_out,-8.5
Isoxanthohumol_out,-9.5
Ketoprofen_glucuronide_out,-10.3
Lappaol_B_out,-10.4
Lariciresinol_out,-9.2
Lignan_out,-8.0
Lochnocarpol_A_out,-8.6
Lophenol_out,-10.2
LTS0073273_out,-8.1
LTS0135613_out,-9.0
LTS0166628_out,-11.5
LTS0198461_out,-8.7
MammeaABB_out,-8.5
MammeaA_BA_out,-9.2
Mammea_ABA_out,-8.7
Mammea_A_BB_out,-9.1
Manoyl_oxide_out,-8.5
Medioresinol_out,-9.7
"methyl 3,6-dihydroxy-2,6,10,14,14-pentamethyl-13,18-dioxononadecanoate_out",-8.8
"methyl 6,8-dihydroxy-4,8-dimethyl-14-oxo-11-(propan-2-yl)pentadeca-4,9-dienoate_out",-8.0
"methylidene(8,10,12,14,16-pentamethoxy-5,7-dimethylnonadeca-4,6,18-trien-2-yl)amine_out",-10.3
"methylidene(8,10,12,14-tetramethoxy-5,7-dimethylheptadeca-4,6,16-trien-2-yl)amine_out",-9.8
mirabilene a isonitrile_out,-10.2
Multiflorenol_out,-10.4
Myricanol_out,-10.1
"N,N-bis[4-(dimethylamino)butyl]hexanamide_out",-8.5
N-(4-carbamimidamidobutyl)-3-methyldec-2-enamide_out,-8.1
neg-Arctigenin_out,-9.1
Neosilyhermin A_out,-10.2
Nevskin_out,-10.3
Nobiletin_out,-8.1
NPC101781_out,-8.2
NPC10364_out,-10.0
NPC103972_out,-9.4
NPC105228_out,-8.6
NPC106654_out,-9.0
NPC107120_out,-9.2
NPC108371_out,-10.3
NPC108450_out,-9.4
NPC112813_out,-8.8
NPC113326_out,-9.5
NPC114331_out,-8.4
NPC114884_out,-8.7
NPC11541_out,-9.0
NPC118273_out,-10.0
NPC122404_out,-9.0
NPC124018_out,-8.2
NPC125444_out,-8.1
NPC130235_out,-9.1
NPC131365_out,-9.3
NPC131382_out,-8.5
NPC132608_out,-8.3
NPC133261_out,-9.4
NPC135232_out,-8.2
NPC138781_out,-9.2
NPC139692_out,-8.3
NPC139976_out,-11.5
NPC140567_out,-10.0
NPC141103_out,-8.2
NPC141225_out,-8.2
NPC142545_out,-8.6
NPC144278_out,-9.0
NPC145006_out,-8.1
NPC146975_out,-9.2
NPC151379_out,-8.3
NPC152569_out,-10.5
NPC157563_out,-8.8
NPC161582_out,-8.1
NPC161775_out,-8.2
NPC16435_out,-8.7
NPC169078_out,-9.0
NPC169151_out,-8.7
NPC171698_out,-9.2
NPC171782_out,-8.6
NPC172405_out,-8.1
NPC173685_out,-8.7
NPC175722_out,-9.0
NPC175791_out,-8.3
NPC17814_out,-8.5
NPC182885_out,-9.9
NPC183193_out,-8.1
NPC183252_out,-8.7
NPC187302_out,-10.7
NPC187661_out,-9.1
NPC188145_out,-9.5
NPC194132_out,-8.3
NPC194390_out,-8.6
NPC195151_out,-10.5
NPC19617_out,-8.5
NPC19723_out,-8.1
NPC200254_out,-8.9
NPC200477_out,-8.3
NPC20460_out,-8.8
NPC204970_out,-10.2
NPC205143_out,-8.6
NPC205383_out,-8.2
NPC205655_out,-8.5
NPC20602_out,-9.1
NPC206586_out,-10.4
NPC206834_out,-9.5
NPC207326_out,-8.7
NPC207934_out,-9.7
NPC209852_out,-8.7
NPC210425_out,-9.7
NPC211758_out,-9.3
NPC212488_out,-8.8
NPC212891_out,-9.3
NPC21338_out,-9.0
NPC215210_out,-9.2
NPC215623_out,-8.7
NPC215921_out,-9.1
NPC216762_out,-9.1
NPC218268_out,-9.0
NPC219386_out,-9.6
NPC219818_out,-8.2
NPC223274_out,-10.4
NPC223451_out,-8.3
NPC224610_out,-8.7
NPC224813_out,-10.6
NPC225129_out,-8.1
NPC228511_out,-9.2
NPC229348_out,-10.5
NPC230718_out,-10.0
NPC232340_out,-9.4
NPC234333_out,-8.6
NPC234999_out,-8.2
NPC235262_out,-8.3
NPC236459_out,-8.3
NPC236976_out,-8.5
NPC239770_out,-8.7
NPC239936_out,-8.2
NPC241418_out,-8.0
NPC241643_out,-8.1
NPC242848_out,-8.6
NPC243525_out,-10.6
NPC244231_out,-8.4
NPC245948_out,-8.6
NPC246702_out,-8.4
NPC247987_out,-8.2
NPC251017_out,-8.9
NPC25177_out,-10.0
NPC251941_out,-8.6
NPC253096_out,-8.3
NPC253314_out,-11.3
NPC254611_out,-8.6
NPC256035_out,-8.1
NPC257979_out,-8.2
NPC259522_out,-8.7
NPC260014_out,-9.2
NPC260061_out,-9.2
NPC261652_out,-8.7
NPC263449_out,-8.5
NPC269333_out,-9.4
NPC26971_out,-8.8
NPC269802_out,-8.6
NPC272500_out,-8.4
NPC275631_out,-8.6
NPC282424_out,-10.2
NPC28287_out,-9.0
NPC286174_out,-9.4
NPC287745_out,-9.1
NPC288840_out,-9.6
NPC289227_out,-10.9
NPC291773_out,-9.2
NPC293138_out,-9.1
NPC29617_out,-8.3
NPC297199_out,-9.7
NPC29768_out,-10.9
NPC298417_out,-8.0
NPC300654_out,-8.6
NPC301736_out,-9.3
NPC304804_out,-9.3
NPC304870_out,-8.8
NPC304936_out,-8.1
NPC304963_out,-8.3
NPC305160_out,-8.9
NPC305319_out,-10.4
NPC306128_out,-8.6
NPC310837_out,-8.7
NPC311256_out,-8.2
NPC312770_out,-8.7
NPC312889_out,-8.0
NPC313234_out,-8.6
NPC315054_out,-8.7
NPC317163_out,-9.3
NPC317572_out,-8.3
NPC320728_out,-10.2
NPC320836_out,-8.2
NPC322277_out,-9.3
NPC329483_out,-9.6
NPC33821_out,-8.0
NPC35239_out,-8.7
NPC35284_out,-8.6
NPC35959_out,-8.6
NPC36586_out,-8.7
NPC37320_out,-8.4
NPC38165_out,-8.6
NPC38392_out,-9.5
NPC39822_out,-9.5
NPC40809_out,-8.4
NPC42423_out,-8.8
NPC42957_out,-8.7
NPC44165_out,-8.0
NPC45191_out,-8.6
NPC469466_out,-9.7
NPC469490_out,-8.2
NPC469872_out,-8.6
NPC470784_out,-10.4
NPC470872_out,-8.5
NPC470957_out,-8.3
NPC472310_out,-8.6
NPC472311_out,-8.5
NPC472641_out,-8.9
NPC472708_out,-8.3
NPC472806_out,-11.5
NPC475788_out,-9.1
NPC476379_out,-8.7
NPC478210_out,-8.8
NPC478578_out,-9.6
NPC478821_out,-9.1
NPC479386_out,-8.8
NPC479390_out,-9.6
NPC479391_out,-9.6
NPC480649_out,-9.1
NPC480856_out,-8.8
NPC480857_out,-8.2
NPC480860_out,-9.3
NPC480865_out,-8.9
NPC48107_out,-9.2
NPC481139_out,-8.4
NPC482886_out,-8.3
NPC482914_out,-9.2
NPC483646_out,-9.1
NPC484611_out,-9.1
NPC484627_out,-8.9
NPC484818_out,-8.8
NPC484936_out,-8.0
NPC484938_out,-8.6
NPC484940_out,-9.4
NPC485045_out,-8.4
NPC485398_out,-9.1
NPC486446_out,-8.7
NPC486509_out,-8.4
NPC487307_out,-10.1
NPC487411_out,-8.0
NPC488638_out,-8.1
NPC488640_out,-10.8
NPC489124_out,-9.0
NPC489257_out,-9.3
NPC489697_out,-10.0
NPC489704_out,-10.7
NPC489705_out,-9.9
NPC489706_out,-9.9
NPC490730_out,-9.6
NPC50542_out,-9.5
NPC50_out,-8.7
NPC52122_out,-8.4
NPC5253_out,-10.4
NPC53565_out,-8.6
NPC55092_out,-9.5
NPC57114_out,-9.0
NPC58212_out,-8.3
NPC59029_out,-9.6
NPC5943_out,-9.7
NPC60124_out,-9.0
NPC61946_out,-8.9
NPC61993_out,-9.8
NPC62995_out,-8.1
NPC63720_out,-8.3
NPC66964_out,-9.1
NPC67683_out,-8.7
NPC68167_out,-8.9
NPC6964_out,-8.0
NPC71271_out,-9.1
NPC76506_out,-10.0
NPC77040_out,-9.0
NPC83693_out,-9.1
NPC84207_out,-10.0
NPC87378_out,-8.0
NPC87794_out,-9.1
NPC88459_out,-8.6
NPC89225_out,-11.2
NPC91785_out,-9.4
NPC92164_out,-8.7
NPC93094_out,-9.3
NPC95024_out,-8.1
NPC96359_out,-9.3
NPC97326_out,-8.0
NPC97931_out,-8.7
NPC98652_out,-10.0
NPC99094_out,-9.5
Obtusifoliol_out,-9.2
Olean-12-en-28-oic_acid_out,-9.7
Oleanolic_acid3-acetate_out,-9.2
p-Coumaroylquinic_acid_out,-8.9
penicipene b_out,-8.3
Phenothrin_out,-9.0
Pinoresinol_out,-9.4
propan-2-yl 2-methylbut-2-enoate_out,-8.6
Rhapontigenin_out,-8.2
"S,E-Zearalenone_out",-10.7
Sasanquol_out,-8.0
Scb3_out,-8.1
Schisanhenol_out,-8.1
Sinensetin_out,-10.3
Sonchuside_C_out,-9.5
srb-2_out,-8.1
Stevenin_out,-8.7
Stigmasterol_out,-9.9
STL526984_out,-8.4
Syringaresinol_out,-9.0
thalianol_out,-9.1
Todolactol A_out,-9.1
Tryptophylaspartic_acid_out,-8.1
Tryptophylphenylalanine_out,-9.0
Tryptophyltryptophan_out,-9.9
ZINC000014727626_out,-8.1
ZINC000014780686_out,-8.3
ZINC000014780926_out,-9.3
ZINC000014780940Isolupabigenin_out,-9.0
ZINC000015120682_out,-8.8
ZINC000085945801_out,-10.5
ZINC002356528865_out,-9.5
ZINC124940157a-Hydroxy-3-Oxo-5b-Cholanoate_out,-10.0
"ZINC12496693-7a,17-Dimethyl-5b-Androstane-3a,17b-Diol_out",-8.7
ZINC13508125Persicarin_out,-9.1
ZINC13558220Oleanonic_Acid_out,-10.1
ZINC1530160_out,-8.5
ZINC1614080_out,-8.0
ZINC223074517_out,-8.5
ZINC2356582890_out,-10.1
ZINC4097019Tetrahymanol_out,-8.9
ZINC473094057_out,-8.8
ZINC5758832-7-Hydroxycholesterol_out,-9.4
ZINC59200506_out,-8.2
"ZINC6036327-7-A,25-Dihydroxycholesterol_out",-10.1
ZINC8762246_out,-11.0
ZINC8829484CorosolicAcid_out,-10.4
"[2,5-dimethoxy-4-(propan-2-yl)phenyl]methanol_out",-8.1
[4]-Gingerdiol_out,-8.0
